Статистика трат по категориям за каждый месяц,,,,,,,,,,,,
,,,,,,,,,,,,
НАЗВАНИЕ КАТЕГОРИИ,,,,,,,,,,,,
,январь,февраль,март,апрель,май,июнь,июль,август,сентябрь,октябрь,ноябрь,декаюрь
Продукты питания,9521,,,,,10964,13555,,,,,
Чипсы Пиво,873,,,,,,1666,,,,,
Сладости Кофе,329,,,,,,1456,,,,,
Фастфуд Суши,166,,,,,,2325,,,,,
Кафе и рестораны,887,,,,,742,339,,,,,
Аптеки ,2343,,,,,432,1754,,,,,
Мелкие расходники для жизни,,,,,,,,,,,,
"Одежда, обувь и аксессуары",692,,,,,2130,3571,,,,,
Животные,363,,,,,24263,9426,,,,,
Бытовая химия,,,,,,470,,,,,,
Мелкие товары для дома,331,,,,,1569,372,,,,,
Техника и мебель,,,,,,,,,,,,
Электроника,,,,,,,,,,,,
Строительство и ремонт,,,,,,,,,,,,
ЖКХ,9235,,,,,11188,8644,,,,,
Связь и интернет,3137,,,,,1134,674,,,,,
Садоводчество ,,,,,,,,,,,,
Товары для взрослых,,,,,,,,,,,,
Врачи,,,,,,,,,,,,
Косметика,2110,,,,,272,2479,,,,,
"Услуги (стрижка, юрист, маникюр и тд)",7358,,,,,1977,,,,,,
"Активности (зал, спорт, танцы)",4 603,,,,,,,,,,,
Работа Аня,,,,,,221,880,,,,,
Работа Миша ,3602,,,,,,,,,,,
Образование,1114,,,,,,,,,,,
"Развлечения и отдых (бани, спа, музеи)",339,,,,,349,,,,,,
"Путешествия (билеты, гостиницы)",,,,,,,,,,,,
Автомобиль,,,,,,,,,,,,
Каршеринг,,,,,,,,,,,,
Такси,3110,,,,,415,575,,,,,
Общественный транспорт,707,,,,,515,279,,,,,
Детям,,,,,,,,,,,,
Подарки,,,,,,6982,4293,,,,,
Расходы на окружающих,3854,,,,,19017,,,,,,
Благотворительность,923,,,,,,,,,,,
"Налоги, штрафы, госпошлины",,,,,,,,,,,,
Непредвиденные покупки,95,,,,,,,,,,,
Нежелательные траты + кредиты,,,,,,,,,,,,
,,,,,,,,,,,,
,,,,,,,,,,,,
ИТОГ МЕСЯЦА,51089,0,,,,82640,52288,,,,,
